{
    "loki": {
        "EAR_THRESHOLD": 0.1647032081309264,
        "MAR_THRESHOLD": 0.9455752354982261,
        "NEUTRAL_PITCH": 35.367410475883396,
        "NEUTRAL_ROLL": 4.280301122459093
    },
    "lok": {
        "EAR_THRESHOLD": 0.25278313671706887,
        "MAR_THRESHOLD": 0.672977246892401,
        "NEUTRAL_PITCH": 38.10677045953589,
        "NEUTRAL_ROLL": 1.7030833673217078
    }
}