{"current_user": "lokesh", "ear": 0.26781550418662137, "mar": 0.33013158507010937, "mouth_area": 731.0, "mouth_ratio": 0.33013158507010937, "pitch": 41.20122048948752, "yaw": -14.06996931214075, "roll": 1.2137944180864257, "eye_alarm": true, "yawn_alarm": false, "pitch_alarm": false, "yaw_alarm": false, "head_tilt_alarm": false, "EAR_THRESHOLD": 0.24399881668525036, "MAR_THRESHOLD": 0.39218791828225646, "HEAD_TILT_THRESHOLD": 15.0, "NEUTRAL_PITCH": 40.79554702082816, "NEUTRAL_ROLL": 3.031916686673923}